a_init,b_init,mse,mae,metrics_json,status
0.1,0.1,0.35262051224708557,0.3891916573047638,./outputs/geo_hpe_ab_grid/metrics_a0p1_b0p1.json,ok
0.1,0.3,0.35267090797424316,0.3890673816204071,./outputs/geo_hpe_ab_grid/metrics_a0p1_b0p3.json,ok
0.1,0.5,nan,nan,./outputs/geo_hpe_ab_grid/metrics_a0p1_b0p5.json,fail_rc1
0.1,0.7,nan,nan,./outputs/geo_hpe_ab_grid/metrics_a0p1_b0p7.json,fail_rc1
0.1,0.1,0.6446529626846313,0.5525743961334229,./outputs/geo_hpe_ab_grid/metrics_a0p1_b0p1.json,ok
0.1,0.3,0.644779622554779,0.5524793863296509,./outputs/geo_hpe_ab_grid/metrics_a0p1_b0p3.json,ok
0.1,0.5,0.644952654838562,0.5524076223373413,./outputs/geo_hpe_ab_grid/metrics_a0p1_b0p5.json,ok
0.1,0.1,0.3515278995037079,0.38883355259895325,./outputs/geo_hpe_ab_grid/metrics_a0p1_b0p1.json,ok
0.1,0.3,0.3503979444503784,0.38806766271591187,./outputs/geo_hpe_ab_grid/metrics_a0p1_b0p3.json,ok
0.1,0.5,0.3527565598487854,0.38907334208488464,./outputs/geo_hpe_ab_grid/metrics_a0p1_b0p5.json,ok
0.1,0.7,0.35538312792778015,0.3913607895374298,./outputs/geo_hpe_ab_grid/metrics_a0p1_b0p7.json,ok
0.1,0.9,0.3506694436073303,0.3892956078052521,./outputs/geo_hpe_ab_grid/metrics_a0p1_b0p9.json,ok
0.3,0.1,0.3530336320400238,0.38972121477127075,./outputs/geo_hpe_ab_grid/metrics_a0p3_b0p1.json,ok
0.3,0.3,0.35202956199645996,0.3890426754951477,./outputs/geo_hpe_ab_grid/metrics_a0p3_b0p3.json,ok
0.3,0.5,0.3501106798648834,0.38843414187431335,./outputs/geo_hpe_ab_grid/metrics_a0p3_b0p5.json,ok
0.3,0.7,0.351564884185791,0.3884584605693817,./outputs/geo_hpe_ab_grid/metrics_a0p3_b0p7.json,ok
0.3,0.9,0.35303568840026855,0.38918012380599976,./outputs/geo_hpe_ab_grid/metrics_a0p3_b0p9.json,ok
0.5,0.1,0.35282549262046814,0.3894835114479065,./outputs/geo_hpe_ab_grid/metrics_a0p5_b0p1.json,ok
0.5,0.3,0.35268113017082214,0.3892984986305237,./outputs/geo_hpe_ab_grid/metrics_a0p5_b0p3.json,ok
0.5,0.5,0.3528120815753937,0.38926517963409424,./outputs/geo_hpe_ab_grid/metrics_a0p5_b0p5.json,ok
0.5,0.7,0.3527834415435791,0.38919487595558167,./outputs/geo_hpe_ab_grid/metrics_a0p5_b0p7.json,ok
0.5,0.9,0.35325103998184204,0.3892272710800171,./outputs/geo_hpe_ab_grid/metrics_a0p5_b0p9.json,ok
0.7,0.1,0.3527472913265228,0.38951608538627625,./outputs/geo_hpe_ab_grid/metrics_a0p7_b0p1.json,ok
0.7,0.3,0.35266441106796265,0.3893725275993347,./outputs/geo_hpe_ab_grid/metrics_a0p7_b0p3.json,ok
0.7,0.5,0.3527587354183197,0.3892207741737366,./outputs/geo_hpe_ab_grid/metrics_a0p7_b0p5.json,ok
0.7,0.7,0.3529428541660309,0.3893010914325714,./outputs/geo_hpe_ab_grid/metrics_a0p7_b0p7.json,ok
0.7,0.9,0.35293814539909363,0.3893403708934784,./outputs/geo_hpe_ab_grid/metrics_a0p7_b0p9.json,ok
0.9,0.1,0.3527975082397461,0.38947877287864685,./outputs/geo_hpe_ab_grid/metrics_a0p9_b0p1.json,ok
0.9,0.3,0.35282638669013977,0.38943785429000854,./outputs/geo_hpe_ab_grid/metrics_a0p9_b0p3.json,ok
0.9,0.5,0.3528595268726349,0.3893619179725647,./outputs/geo_hpe_ab_grid/metrics_a0p9_b0p5.json,ok
0.9,0.7,0.35275664925575256,0.3893685042858124,./outputs/geo_hpe_ab_grid/metrics_a0p9_b0p7.json,ok
0.9,0.9,0.3528292775154114,0.38925719261169434,./outputs/geo_hpe_ab_grid/metrics_a0p9_b0p9.json,ok
1,1,0.3599415421485901,0.3941586911678314,./outputs/geo_hpe_ab_grid/metrics_a1_b1.json,ok
1,2,0.3540017008781433,0.3896650969982147,./outputs/geo_hpe_ab_grid/metrics_a1_b2.json,ok
1,3,0.35617583990097046,0.39057403802871704,./outputs/geo_hpe_ab_grid/metrics_a1_b3.json,ok
1,4,nan,nan,./outputs/geo_hpe_ab_grid/metrics_a1_b4.json,fail_rc1
1,1,0.352210134267807,0.38897013664245605,./outputs/geo_hpe_ab_grid/metrics_a1_b1.json,ok
1,2,0.3534103333950043,0.38937559723854065,./outputs/geo_hpe_ab_grid/metrics_a1_b2.json,ok
1,3,0.3541175127029419,0.38962411880493164,./outputs/geo_hpe_ab_grid/metrics_a1_b3.json,ok
1,4,0.3550192713737488,0.390205442905426,./outputs/geo_hpe_ab_grid/metrics_a1_b4.json,ok
1,5,0.3559891879558563,0.390801340341568,./outputs/geo_hpe_ab_grid/metrics_a1_b5.json,ok
2,1,0.3539126515388489,0.38995155692100525,./outputs/geo_hpe_ab_grid/metrics_a2_b1.json,ok
2,2,0.353875070810318,0.38981544971466064,./outputs/geo_hpe_ab_grid/metrics_a2_b2.json,ok
2,3,0.35353773832321167,0.3896084725856781,./outputs/geo_hpe_ab_grid/metrics_a2_b3.json,ok
2,4,0.3537081182003021,0.3896496295928955,./outputs/geo_hpe_ab_grid/metrics_a2_b4.json,ok
2,5,0.3542020916938782,0.3900168240070343,./outputs/geo_hpe_ab_grid/metrics_a2_b5.json,ok
3,1,0.35443708300590515,0.39016133546829224,./outputs/geo_hpe_ab_grid/metrics_a3_b1.json,ok
3,2,0.35406866669654846,0.3900798559188843,./outputs/geo_hpe_ab_grid/metrics_a3_b2.json,ok
3,3,0.35395219922065735,0.3900070786476135,./outputs/geo_hpe_ab_grid/metrics_a3_b3.json,ok
3,4,0.354061484336853,0.39001208543777466,./outputs/geo_hpe_ab_grid/metrics_a3_b4.json,ok
3,5,0.35390231013298035,0.3898801803588867,./outputs/geo_hpe_ab_grid/metrics_a3_b5.json,ok
4,1,0.35476192831993103,0.3903729021549225,./outputs/geo_hpe_ab_grid/metrics_a4_b1.json,ok
4,2,0.3545210063457489,0.39027804136276245,./outputs/geo_hpe_ab_grid/metrics_a4_b2.json,ok
4,3,0.3543773591518402,0.3902401924133301,./outputs/geo_hpe_ab_grid/metrics_a4_b3.json,ok
4,4,0.35447031259536743,0.3903195858001709,./outputs/geo_hpe_ab_grid/metrics_a4_b4.json,ok
4,5,0.35440006852149963,0.39032912254333496,./outputs/geo_hpe_ab_grid/metrics_a4_b5.json,ok
5,1,0.3551836609840393,0.3907238841056824,./outputs/geo_hpe_ab_grid/metrics_a5_b1.json,ok
5,2,0.3553989827632904,0.3908444344997406,./outputs/geo_hpe_ab_grid/metrics_a5_b2.json,ok
5,3,0.3592023253440857,0.3924294710159302,./outputs/geo_hpe_ab_grid/metrics_a5_b3.json,ok
5,4,0.3547913134098053,0.3907037079334259,./outputs/geo_hpe_ab_grid/metrics_a5_b4.json,ok
5,5,0.3611550033092499,0.39375242590904236,./outputs/geo_hpe_ab_grid/metrics_a5_b5.json,ok
